<?xml version="1.0" encoding="utf-8" standalone="no"?>
<mets ID="DSpace_COMMUNITY_2374.UC-702759" OBJID="hdl:2374.UC/702759" TYPE="DSpace COMMUNITY" PROFILE="http://www.dspace.org/schema/aip/mets_aip_1_0.xsd" xmlns="http://www.loc.gov/METS/" xmlns:xlink="http://www.w3.org/1999/xlink" xmlns:xsi="http://www.w3.org/2001/XMLSchema-instance" xsi:schemaLocation="http://www.loc.gov/METS/ http://www.loc.gov/standards/mets/mets.xsd">
 <metsHdr>
  <agent ROLE="CUSTODIAN" TYPE="OTHER" OTHERTYPE="DSpace Archive">
   <name>2374.UC/0</name>
  </agent>
  <agent ROLE="CREATOR" TYPE="OTHER" OTHERTYPE="DSpace Software">
   <name>DSpace 1.8.2</name>
  </agent>
 </metsHdr>
 <dmdSec ID="dmdSec_1">
  <mdWrap MDTYPE="MODS">
   <xmlData xmlns:mods="http://www.loc.gov/mods/v3" xmlns:xlink="http://www.w3.org/1999/xlink" xsi:schemaLocation="http://www.loc.gov/mods/v3 http://www.loc.gov/standards/mods/v3/mods-3-1.xsd"><mods:mods xmlns:mods="http://www.loc.gov/mods/v3" xmlns:xsi="http://www.w3.org/2001/XMLSchema-instance" xsi:schemaLocation="http://www.loc.gov/mods/v3 http://www.loc.gov/standards/mods/v3/mods-3-1.xsd">
  <mods:note>&lt;p&gt;Photographic prints and negatives from 1920 to 1956 from an extensive archive of the City Engineer, City of Cincinnati.&lt;/p&gt;&#xD;
&lt;p&gt;The collection documents the ill-fated attempt by the city's Rapid Transit Commission to construct a subway through Cincinnati. The collection also provides a glimpse at interior views of homes and businesses damaged during the construction, and follows the growth of the city through various street improvement projects that took place between the 1920s and 1950s.&lt;/p&gt;&#xD;
&lt;p&gt;As part of its mission to make available for study and research documents of local and national significance, the University of Cincinnati Libraries has digitized the collection for online access through a grant-based project through the Library Services and Technology Act (LSTA), a program funded through the Institute of Museum and Library Services (IMLS) and administered by the State Library of Ohio.&lt;/p&gt;&#xD;
&lt;p&gt;For more information on this collection, please visit the &lt;a href="http://digital.libraries.uc.edu/subway/"&gt;Cincinnati Subway and Street Improvements, 1916-1915 website&lt;/a&gt;.&lt;/p&gt;</mods:note>
  <mods:abstract />
  <mods:tableOfContents>&lt;br/&gt;</mods:tableOfContents>
  <mods:identifier type="uri">http://hdl.handle.net/2374.UC/702759</mods:identifier>
  <mods:accessCondition type="useAndReproduction" />
  <mods:titleInfo>
    <mods:title>Cincinnati Subway and Street Improvements</mods:title>
  </mods:titleInfo>
</mods:mods></xmlData>
  </mdWrap>
 </dmdSec>
 <dmdSec ID="dmdSec_2">
  <mdWrap MDTYPE="OTHER" OTHERMDTYPE="DIM">
   <xmlData xmlns:dim="http://www.dspace.org/xmlns/dspace/dim"><dim:dim xmlns:dim="http://www.dspace.org/xmlns/dspace/dim" dspaceType="COMMUNITY">
  <dim:field mdschema="dc" element="description">&lt;p&gt;Photographic prints and negatives from 1920 to 1956 from an extensive archive of the City Engineer, City of Cincinnati.&lt;/p&gt;&#xD;
&lt;p&gt;The collection documents the ill-fated attempt by the city's Rapid Transit Commission to construct a subway through Cincinnati. The collection also provides a glimpse at interior views of homes and businesses damaged during the construction, and follows the growth of the city through various street improvement projects that took place between the 1920s and 1950s.&lt;/p&gt;&#xD;
&lt;p&gt;As part of its mission to make available for study and research documents of local and national significance, the University of Cincinnati Libraries has digitized the collection for online access through a grant-based project through the Library Services and Technology Act (LSTA), a program funded through the Institute of Museum and Library Services (IMLS) and administered by the State Library of Ohio.&lt;/p&gt;&#xD;
&lt;p&gt;For more information on this collection, please visit the &lt;a href="http://digital.libraries.uc.edu/subway/"&gt;Cincinnati Subway and Street Improvements, 1916-1915 website&lt;/a&gt;.&lt;/p&gt;</dim:field>
  <dim:field mdschema="dc" element="description" qualifier="abstract" />
  <dim:field mdschema="dc" element="description" qualifier="tableofcontents">&lt;br/&gt;</dim:field>
  <dim:field mdschema="dc" element="identifier" qualifier="uri">hdl:2374.UC/702759</dim:field>
  <dim:field mdschema="dc" element="rights" />
  <dim:field mdschema="dc" element="title">Cincinnati Subway and Street Improvements</dim:field>
</dim:dim></xmlData>
  </mdWrap>
 </dmdSec>
 <amdSec ID="amd_3">
  <rightsMD ID="rightsMD_9">
   <mdWrap MDTYPE="OTHER" OTHERMDTYPE="METSRIGHTS">
    <xmlData xmlns:rights="http://cosimo.stanford.edu/sdr/metsrights/" xsi:schemaLocation="http://cosimo.stanford.edu/sdr/metsrights/ http://cosimo.stanford.edu/sdr/metsrights.xsd"><rights:RightsDeclarationMD xmlns:rights="http://cosimo.stanford.edu/sdr/metsrights/" RIGHTSCATEGORY="LICENSED">
  <rights:Context CONTEXTCLASS="GENERAL PUBLIC">
    <rights:Permissions DISCOVER="true" DISPLAY="true" MODIFY="false" DELETE="false" />
  </rights:Context>
</rights:RightsDeclarationMD></xmlData>
   </mdWrap>
  </rightsMD>
  <sourceMD ID="sourceMD_10">
   <mdWrap MDTYPE="OTHER" OTHERMDTYPE="AIP-TECHMD">
    <xmlData xmlns:dim="http://www.dspace.org/xmlns/dspace/dim"><dim:dim xmlns:dim="http://www.dspace.org/xmlns/dspace/dim" dspaceType="COMMUNITY">
  <dim:field mdschema="dc" element="identifier" qualifier="uri">hdl:2374.UC/702759</dim:field>
  <dim:field mdschema="dc" element="relation" qualifier="isPartOf">hdl:2374.UC/134688</dim:field>
</dim:dim></xmlData>
   </mdWrap>
  </sourceMD>
 </amdSec>
 <fileSec>
  <fileGrp USE="LOGO">
   <file ID="logo_22" MIMETYPE="application/octet-stream" SIZE="50074" CHECKSUM="03066957a8ec77ff633043fce768078f" CHECKSUMTYPE="MD5">
    <FLocat LOCTYPE="URL" xlink:type="simple" xlink:href="bitstream_1459329"/>
   </file>
  </fileGrp>
 </fileSec>
 <structMap ID="struct_11" LABEL="DSpace Object" TYPE="LOGICAL">
  <div ID="div_12" DMDID="dmdSec_2 dmdSec_1" ADMID="amd_3" TYPE="DSpace Object Contents">
   <fptr FILEID="logo_22"/>
   <div ID="div_13" TYPE="DSpace COLLECTION">
    <mptr ID="mptr_14" LOCTYPE="HANDLE" xlink:type="simple" xlink:href="2374.UC/702779"/>
    <mptr ID="mptr_15" LOCTYPE="URL" xlink:type="simple" xlink:href="COLLECTION@2374.UC-702779.zip"/>
   </div>
   <div ID="div_16" TYPE="DSpace COLLECTION">
    <mptr ID="mptr_17" LOCTYPE="HANDLE" xlink:type="simple" xlink:href="2374.UC/702760"/>
    <mptr ID="mptr_18" LOCTYPE="URL" xlink:type="simple" xlink:href="COLLECTION@2374.UC-702760.zip"/>
   </div>
   <div ID="div_19" TYPE="DSpace COLLECTION">
    <mptr ID="mptr_20" LOCTYPE="HANDLE" xlink:type="simple" xlink:href="2374.UC/702780"/>
    <mptr ID="mptr_21" LOCTYPE="URL" xlink:type="simple" xlink:href="COLLECTION@2374.UC-702780.zip"/>
   </div>
  </div>
 </structMap>
 <structMap ID="struct_23" LABEL="Parent" TYPE="LOGICAL">
  <div ID="div_24" LABEL="Parent of this DSpace Object" TYPE="AIP Parent Link">
   <mptr ID="mptr_25" LOCTYPE="HANDLE" xlink:type="simple" xlink:href="2374.UC/134688"/>
  </div>
 </structMap>
</mets>
