<?xml version="1.0" encoding="utf-8" standalone="no"?>
<mets ID="DSpace_ITEM_2374.UC-703477" OBJID="hdl:2374.UC/703477" TYPE="DSpace ITEM" PROFILE="http://www.dspace.org/schema/aip/mets_aip_1_0.xsd" xmlns="http://www.loc.gov/METS/" xmlns:xlink="http://www.w3.org/1999/xlink" xmlns:xsi="http://www.w3.org/2001/XMLSchema-instance" xsi:schemaLocation="http://www.loc.gov/METS/ http://www.loc.gov/standards/mets/mets.xsd">
 <metsHdr LASTMODDATE="2014-05-28T15:30:30">
  <agent ROLE="CUSTODIAN" TYPE="OTHER" OTHERTYPE="DSpace Archive">
   <name>2374.UC/0</name>
  </agent>
  <agent ROLE="CREATOR" TYPE="OTHER" OTHERTYPE="DSpace Software">
   <name>DSpace 1.8.2</name>
  </agent>
 </metsHdr>
 <dmdSec ID="dmdSec_1">
  <mdWrap MDTYPE="MODS">
   <xmlData xmlns:mods="http://www.loc.gov/mods/v3" xmlns:xlink="http://www.w3.org/1999/xlink" xsi:schemaLocation="http://www.loc.gov/mods/v3 http://www.loc.gov/standards/mods/v3/mods-3-1.xsd"><mods:mods xmlns:mods="http://www.loc.gov/mods/v3" xmlns:xsi="http://www.w3.org/2001/XMLSchema-instance" xsi:schemaLocation="http://www.loc.gov/mods/v3 http://www.loc.gov/standards/mods/v3/mods-3-1.xsd">
  <mods:name>
    <mods:role>
      <mods:roleTerm type="text">author</mods:roleTerm>
    </mods:role>
    <mods:namePart>Unknown photographer</mods:namePart>
  </mods:name>
  <mods:name>
    <mods:role>
      <mods:roleTerm type="text">author</mods:roleTerm>
    </mods:role>
    <mods:namePart>Cincinnati (Ohio). Interurban Rapid Transit Commission</mods:namePart>
  </mods:name>
  <mods:subject>
    <mods:geographic>39.107636,-84.519464</mods:geographic>
  </mods:subject>
  <mods:extension>
    <mods:dateAccessioned encoding="iso8601">2013-10-25T13:39:53Z</mods:dateAccessioned>
  </mods:extension>
  <mods:extension>
    <mods:dateAvailable encoding="iso8601">2013-10-25T13:39:53Z</mods:dateAvailable>
  </mods:extension>
  <mods:originInfo>
    <mods:dateCreated encoding="iso8601">1920-03-30T19:45:00Z</mods:dateCreated>
  </mods:originInfo>
  <mods:originInfo>
    <mods:dateIssued encoding="iso8601">2013-10-25</mods:dateIssued>
  </mods:originInfo>
  <mods:identifier type="uri">http://hdl.handle.net/2374.UC/703477</mods:identifier>
  <mods:note>Photographer's notes written on front of print: No information provided on front of photograph.</mods:note>
  <mods:note>Photographer's notes written on back of print: No 65 / Cut South of Liberty St. Showing first scraper at work. first day / March 30 - 1920 / 2:45 P.M. / 65</mods:note>
  <mods:physicalDescription>
    <mods:extent>8" x 10"</mods:extent>
  </mods:physicalDescription>
  <mods:physicalDescription>
    <mods:form>gelatin silver prints</mods:form>
  </mods:physicalDescription>
  <mods:physicalDescription>
    <mods:form>photographic prints</mods:form>
  </mods:physicalDescription>
  <mods:physicalDescription>
    <mods:internetMediaType>image/jp2</mods:internetMediaType>
  </mods:physicalDescription>
  <mods:relatedItem type="host">Cincinnati Subway and Street Improvements</mods:relatedItem>
  <mods:relatedItem type="series">Rapid Transit Photographs -- Box 12</mods:relatedItem>
  <mods:accessCondition type="useAndReproduction">Attribution-NonCommercial-NoDerivs 3.0 United States</mods:accessCondition>
  <mods:accessCondition xmlns:xlink="http://www.w3.org/1999/xlink" xlink:simpleLink="http://creativecommons.org/licenses/by-nc-nd/3.0/us/">http://creativecommons.org/licenses/by-nc-nd/3.0/us/</mods:accessCondition>
  <mods:subject>
    <mods:topic>Liberty Street (Cincinnati, Ohio)</mods:topic>
  </mods:subject>
  <mods:subject>
    <mods:topic>Central Parkway (Cincinnati, Ohio)</mods:topic>
  </mods:subject>
  <mods:subject authority="lcsh">
    <mods:topic>Subways--Design and construction</mods:topic>
  </mods:subject>
  <mods:subject authority="lcsh">
    <mods:topic>Cincinnati (Ohio)--History--20th century</mods:topic>
  </mods:subject>
  <mods:titleInfo>
    <mods:title>Rapid Transit Photographs -- Box 12, Folder 01 (March 30, 1920 - September 10, 1920) -- print, 1920-03-30, 2:45 P.M.</mods:title>
  </mods:titleInfo>
  <mods:genre>Photograph</mods:genre>
</mods:mods></xmlData>
  </mdWrap>
 </dmdSec>
 <dmdSec ID="dmdSec_2">
  <mdWrap MDTYPE="OTHER" OTHERMDTYPE="DIM">
   <xmlData xmlns:dim="http://www.dspace.org/xmlns/dspace/dim"><dim:dim xmlns:dim="http://www.dspace.org/xmlns/dspace/dim" dspaceType="ITEM">
  <dim:field mdschema="dc" element="contributor" qualifier="author" lang="en_US">Unknown photographer</dim:field>
  <dim:field mdschema="dc" element="contributor" qualifier="author" lang="en_US">Cincinnati (Ohio). Interurban Rapid Transit Commission</dim:field>
  <dim:field mdschema="dc" element="coverage" qualifier="spatial" lang="en_US">39.107636,-84.519464</dim:field>
  <dim:field mdschema="dc" element="date" qualifier="accessioned">2013-10-25T13:39:53Z</dim:field>
  <dim:field mdschema="dc" element="date" qualifier="available">2013-10-25T13:39:53Z</dim:field>
  <dim:field mdschema="dc" element="date" qualifier="created" lang="en_US">1920-03-30T19:45:00Z</dim:field>
  <dim:field mdschema="dc" element="date" qualifier="issued">2013-10-25</dim:field>
  <dim:field mdschema="dc" element="identifier" qualifier="uri">http://hdl.handle.net/2374.UC/703477</dim:field>
  <dim:field mdschema="dc" element="description" lang="en_US">Photographer's notes written on front of print: No information provided on front of photograph.</dim:field>
  <dim:field mdschema="dc" element="description" lang="en_US">Photographer's notes written on back of print: No 65 / Cut South of Liberty St. Showing first scraper at work. first day / March 30 - 1920 / 2:45 P.M. / 65</dim:field>
  <dim:field mdschema="dc" element="description" qualifier="provenance" lang="en">Made available in DSpace on 2013-10-25T13:39:53Z (GMT). No. of bitstreams: 6
b12_f01_p001.jp2: 16587384 bytes, checksum: d05063e4c7390dfcc959bb2f28ecb17c (MD5)
b12_f01_p001.jpg: 331445 bytes, checksum: 50dcef1a1d1964f2de855b7a6811b058 (MD5)
b12_f01_p001_a.jp2: 5214590 bytes, checksum: ba3eac745d64734660de435c3ca7ca0d (MD5)
b12_f01_p001_a.jpg: 314696 bytes, checksum: f0dd3e44edf779447bcf76e3c9de8cdb (MD5)
b12_f01_p001.tif: 28836664 bytes, checksum: 282759ea2c4b7d9435ae96446a5b64e4 (MD5)
b12_f01_p001_a.tif: 7098010 bytes, checksum: 0614e5a3011f7b6824c0092d2db6d653 (MD5)</dim:field>
  <dim:field mdschema="dc" element="format" qualifier="extent" lang="en_US">8" x 10"</dim:field>
  <dim:field mdschema="dc" element="format" qualifier="medium" lang="en_US">gelatin silver prints</dim:field>
  <dim:field mdschema="dc" element="format" qualifier="medium" lang="en_US">photographic prints</dim:field>
  <dim:field mdschema="dc" element="format" qualifier="mimetype" lang="en_US">image/jp2</dim:field>
  <dim:field mdschema="dc" element="relation" qualifier="ispartof" lang="en_US">Cincinnati Subway and Street Improvements</dim:field>
  <dim:field mdschema="dc" element="relation" qualifier="ispartofseries" lang="en_US">Rapid Transit Photographs -- Box 12</dim:field>
  <dim:field mdschema="dc" element="rights" lang="*">Attribution-NonCommercial-NoDerivs 3.0 United States</dim:field>
  <dim:field mdschema="dc" element="rights" qualifier="uri" lang="*">http://creativecommons.org/licenses/by-nc-nd/3.0/us/</dim:field>
  <dim:field mdschema="dc" element="subject" lang="en_US">Liberty Street (Cincinnati, Ohio)</dim:field>
  <dim:field mdschema="dc" element="subject" lang="en_US">Central Parkway (Cincinnati, Ohio)</dim:field>
  <dim:field mdschema="dc" element="subject" qualifier="lcsh" lang="en_US">Subways--Design and construction</dim:field>
  <dim:field mdschema="dc" element="subject" qualifier="lcsh" lang="en_US">Cincinnati (Ohio)--History--20th century</dim:field>
  <dim:field mdschema="dc" element="title" lang="en_US">Rapid Transit Photographs -- Box 12, Folder 01 (March 30, 1920 - September 10, 1920) -- print, 1920-03-30, 2:45 P.M.</dim:field>
  <dim:field mdschema="dc" element="type" lang="en_US">Photograph</dim:field>
  <dim:field mdschema="dc" element="date" qualifier="digitized" lang="en_US">2013-03-28</dim:field>
  <dim:field mdschema="dc" element="description" qualifier="notes" lang="en_US">GeoCoordinates: 39.107636,-84.519464</dim:field>
  <dim:field mdschema="dc" element="publisher" qualifier="digital" lang="en_US">University of Cincinnati. University of Cincinnati Libraries</dim:field>
  <dim:field mdschema="dc" element="publisher" qualifier="OLinstitution" lang="en_US">University of Cincinnati</dim:field>
  <dim:field mdschema="dc" element="publisher" qualifier="OLrepository" lang="en_US">University of Cincinnati. Archives and Rare Books Library</dim:field>
</dim:dim></xmlData>
  </mdWrap>
 </dmdSec>
 <amdSec ID="amd_3">
  <rightsMD ID="rightsMD_9">
   <mdWrap MDTYPE="OTHER" OTHERMDTYPE="METSRIGHTS">
    <xmlData xmlns:rights="http://cosimo.stanford.edu/sdr/metsrights/" xsi:schemaLocation="http://cosimo.stanford.edu/sdr/metsrights/ http://cosimo.stanford.edu/sdr/metsrights.xsd"><rights:RightsDeclarationMD xmlns:rights="http://cosimo.stanford.edu/sdr/metsrights/" RIGHTSCATEGORY="LICENSED">
  <rights:Context CONTEXTCLASS="GENERAL PUBLIC">
    <rights:Permissions DISCOVER="true" DISPLAY="true" MODIFY="false" DELETE="false" />
  </rights:Context>
</rights:RightsDeclarationMD></xmlData>
   </mdWrap>
  </rightsMD>
  <sourceMD ID="sourceMD_10">
   <mdWrap MDTYPE="OTHER" OTHERMDTYPE="AIP-TECHMD">
    <xmlData xmlns:dim="http://www.dspace.org/xmlns/dspace/dim"><dim:dim xmlns:dim="http://www.dspace.org/xmlns/dspace/dim" dspaceType="ITEM">
  <dim:field mdschema="dc" element="creator">james@ohiolink.edu</dim:field>
  <dim:field mdschema="dc" element="identifier" qualifier="uri">hdl:2374.UC/703477</dim:field>
  <dim:field mdschema="dc" element="relation" qualifier="isPartOf">hdl:2374.UC/702760</dim:field>
</dim:dim></xmlData>
   </mdWrap>
  </sourceMD>
 </amdSec>
 <amdSec ID="amd_13">
  <rightsMD ID="rightsMD_19">
   <mdWrap MDTYPE="OTHER" OTHERMDTYPE="METSRIGHTS">
    <xmlData xmlns:rights="http://cosimo.stanford.edu/sdr/metsrights/" xsi:schemaLocation="http://cosimo.stanford.edu/sdr/metsrights/ http://cosimo.stanford.edu/sdr/metsrights.xsd"><rights:RightsDeclarationMD xmlns:rights="http://cosimo.stanford.edu/sdr/metsrights/" RIGHTSCATEGORY="LICENSED">
  <rights:Context CONTEXTCLASS="GENERAL PUBLIC">
    <rights:Permissions DISCOVER="true" DISPLAY="true" MODIFY="false" DELETE="false" />
  </rights:Context>
</rights:RightsDeclarationMD></xmlData>
   </mdWrap>
  </rightsMD>
 </amdSec>
 <amdSec ID="amd_21">
  <techMD ID="techMD_22">
   <mdWrap MDTYPE="PREMIS">
    <xmlData xmlns:premis="http://www.loc.gov/standards/premis" xsi:schemaLocation="http://www.loc.gov/standards/premis http://www.loc.gov/standards/premis/PREMIS-v1-0.xsd"><premis:premis xmlns:premis="http://www.loc.gov/standards/premis">
  <premis:object>
    <premis:objectIdentifier>
      <premis:objectIdentifierType>URL</premis:objectIdentifierType>
      <premis:objectIdentifierValue>http://drc.libraries.uc.edu:80/bitstream/2374.UC%2F703477/7/b12_f01_p001.jp2.jpg</premis:objectIdentifierValue>
    </premis:objectIdentifier>
    <premis:objectCategory>File</premis:objectCategory>
    <premis:objectCharacteristics>
      <premis:fixity>
        <premis:messageDigestAlgorithm>MD5</premis:messageDigestAlgorithm>
        <premis:messageDigest>7094162fbac4e068884a59f18846f5e9</premis:messageDigest>
      </premis:fixity>
      <premis:size>3835</premis:size>
      <premis:format>
        <premis:formatDesignation>
          <premis:formatName>image/jpeg</premis:formatName>
        </premis:formatDesignation>
      </premis:format>
    </premis:objectCharacteristics>
    <premis:originalName>b12_f01_p001.jp2.jpg</premis:originalName>
  </premis:object>
</premis:premis></xmlData>
   </mdWrap>
  </techMD>
  <rightsMD ID="rightsMD_27">
   <mdWrap MDTYPE="OTHER" OTHERMDTYPE="METSRIGHTS">
    <xmlData xmlns:rights="http://cosimo.stanford.edu/sdr/metsrights/" xsi:schemaLocation="http://cosimo.stanford.edu/sdr/metsrights/ http://cosimo.stanford.edu/sdr/metsrights.xsd"><rights:RightsDeclarationMD xmlns:rights="http://cosimo.stanford.edu/sdr/metsrights/" RIGHTSCATEGORY="LICENSED">
  <rights:Context CONTEXTCLASS="GENERAL PUBLIC">
    <rights:Permissions DISCOVER="true" DISPLAY="true" MODIFY="false" DELETE="false" />
  </rights:Context>
</rights:RightsDeclarationMD></xmlData>
   </mdWrap>
  </rightsMD>
  <sourceMD ID="sourceMD_28">
   <mdWrap MDTYPE="OTHER" OTHERMDTYPE="AIP-TECHMD">
    <xmlData xmlns:dim="http://www.dspace.org/xmlns/dspace/dim"><dim:dim xmlns:dim="http://www.dspace.org/xmlns/dspace/dim" dspaceType="BITSTREAM">
  <dim:field mdschema="dc" element="title">b12_f01_p001.jp2.jpg</dim:field>
  <dim:field mdschema="dc" element="title" qualifier="alternative">Written by FormatFilter org.dspace.app.mediafilter.JPEGFilter on 2013-10-28T14:10:28Z (GMT).</dim:field>
  <dim:field mdschema="dc" element="description">Generated Thumbnail</dim:field>
  <dim:field mdschema="dc" element="format" qualifier="medium">JPEG</dim:field>
  <dim:field mdschema="dc" element="format" qualifier="mimetype">image/jpeg</dim:field>
  <dim:field mdschema="dc" element="format" qualifier="supportlevel">KNOWN</dim:field>
  <dim:field mdschema="dc" element="format" qualifier="internal">false</dim:field>
</dim:dim></xmlData>
   </mdWrap>
  </sourceMD>
 </amdSec>
 <amdSec ID="amd_29">
  <techMD ID="techMD_30">
   <mdWrap MDTYPE="PREMIS">
    <xmlData xmlns:premis="http://www.loc.gov/standards/premis" xsi:schemaLocation="http://www.loc.gov/standards/premis http://www.loc.gov/standards/premis/PREMIS-v1-0.xsd"><premis:premis xmlns:premis="http://www.loc.gov/standards/premis">
  <premis:object>
    <premis:objectIdentifier>
      <premis:objectIdentifierType>URL</premis:objectIdentifierType>
      <premis:objectIdentifierValue>http://drc.libraries.uc.edu:80/bitstream/2374.UC%2F703477/8/b12_f01_p001.jpg.jpg</premis:objectIdentifierValue>
    </premis:objectIdentifier>
    <premis:objectCategory>File</premis:objectCategory>
    <premis:objectCharacteristics>
      <premis:fixity>
        <premis:messageDigestAlgorithm>MD5</premis:messageDigestAlgorithm>
        <premis:messageDigest>d419259ae23ba0197430a30f6b99b317</premis:messageDigest>
      </premis:fixity>
      <premis:size>3720</premis:size>
      <premis:format>
        <premis:formatDesignation>
          <premis:formatName>image/jpeg</premis:formatName>
        </premis:formatDesignation>
      </premis:format>
    </premis:objectCharacteristics>
    <premis:originalName>b12_f01_p001.jpg.jpg</premis:originalName>
  </premis:object>
</premis:premis></xmlData>
   </mdWrap>
  </techMD>
  <rightsMD ID="rightsMD_35">
   <mdWrap MDTYPE="OTHER" OTHERMDTYPE="METSRIGHTS">
    <xmlData xmlns:rights="http://cosimo.stanford.edu/sdr/metsrights/" xsi:schemaLocation="http://cosimo.stanford.edu/sdr/metsrights/ http://cosimo.stanford.edu/sdr/metsrights.xsd"><rights:RightsDeclarationMD xmlns:rights="http://cosimo.stanford.edu/sdr/metsrights/" RIGHTSCATEGORY="LICENSED">
  <rights:Context CONTEXTCLASS="GENERAL PUBLIC">
    <rights:Permissions DISCOVER="true" DISPLAY="true" MODIFY="false" DELETE="false" />
  </rights:Context>
</rights:RightsDeclarationMD></xmlData>
   </mdWrap>
  </rightsMD>
  <sourceMD ID="sourceMD_36">
   <mdWrap MDTYPE="OTHER" OTHERMDTYPE="AIP-TECHMD">
    <xmlData xmlns:dim="http://www.dspace.org/xmlns/dspace/dim"><dim:dim xmlns:dim="http://www.dspace.org/xmlns/dspace/dim" dspaceType="BITSTREAM">
  <dim:field mdschema="dc" element="title">b12_f01_p001.jpg.jpg</dim:field>
  <dim:field mdschema="dc" element="title" qualifier="alternative">Written by FormatFilter org.dspace.app.mediafilter.JPEGFilter on 2013-10-28T14:10:29Z (GMT).</dim:field>
  <dim:field mdschema="dc" element="description">Generated Thumbnail</dim:field>
  <dim:field mdschema="dc" element="format" qualifier="medium">JPEG</dim:field>
  <dim:field mdschema="dc" element="format" qualifier="mimetype">image/jpeg</dim:field>
  <dim:field mdschema="dc" element="format" qualifier="supportlevel">KNOWN</dim:field>
  <dim:field mdschema="dc" element="format" qualifier="internal">false</dim:field>
</dim:dim></xmlData>
   </mdWrap>
  </sourceMD>
 </amdSec>
 <amdSec ID="amd_37">
  <techMD ID="techMD_38">
   <mdWrap MDTYPE="PREMIS">
    <xmlData xmlns:premis="http://www.loc.gov/standards/premis" xsi:schemaLocation="http://www.loc.gov/standards/premis http://www.loc.gov/standards/premis/PREMIS-v1-0.xsd"><premis:premis xmlns:premis="http://www.loc.gov/standards/premis">
  <premis:object>
    <premis:objectIdentifier>
      <premis:objectIdentifierType>URL</premis:objectIdentifierType>
      <premis:objectIdentifierValue>http://drc.libraries.uc.edu:80/bitstream/2374.UC%2F703477/9/b12_f01_p001_a.jp2.jpg</premis:objectIdentifierValue>
    </premis:objectIdentifier>
    <premis:objectCategory>File</premis:objectCategory>
    <premis:objectCharacteristics>
      <premis:fixity>
        <premis:messageDigestAlgorithm>MD5</premis:messageDigestAlgorithm>
        <premis:messageDigest>cd4e2e12b350dc15f3cc81485ba1c8bc</premis:messageDigest>
      </premis:fixity>
      <premis:size>3100</premis:size>
      <premis:format>
        <premis:formatDesignation>
          <premis:formatName>image/jpeg</premis:formatName>
        </premis:formatDesignation>
      </premis:format>
    </premis:objectCharacteristics>
    <premis:originalName>b12_f01_p001_a.jp2.jpg</premis:originalName>
  </premis:object>
</premis:premis></xmlData>
   </mdWrap>
  </techMD>
  <rightsMD ID="rightsMD_43">
   <mdWrap MDTYPE="OTHER" OTHERMDTYPE="METSRIGHTS">
    <xmlData xmlns:rights="http://cosimo.stanford.edu/sdr/metsrights/" xsi:schemaLocation="http://cosimo.stanford.edu/sdr/metsrights/ http://cosimo.stanford.edu/sdr/metsrights.xsd"><rights:RightsDeclarationMD xmlns:rights="http://cosimo.stanford.edu/sdr/metsrights/" RIGHTSCATEGORY="LICENSED">
  <rights:Context CONTEXTCLASS="GENERAL PUBLIC">
    <rights:Permissions DISCOVER="true" DISPLAY="true" MODIFY="false" DELETE="false" />
  </rights:Context>
</rights:RightsDeclarationMD></xmlData>
   </mdWrap>
  </rightsMD>
  <sourceMD ID="sourceMD_44">
   <mdWrap MDTYPE="OTHER" OTHERMDTYPE="AIP-TECHMD">
    <xmlData xmlns:dim="http://www.dspace.org/xmlns/dspace/dim"><dim:dim xmlns:dim="http://www.dspace.org/xmlns/dspace/dim" dspaceType="BITSTREAM">
  <dim:field mdschema="dc" element="title">b12_f01_p001_a.jp2.jpg</dim:field>
  <dim:field mdschema="dc" element="title" qualifier="alternative">Written by FormatFilter org.dspace.app.mediafilter.JPEGFilter on 2013-10-28T14:10:32Z (GMT).</dim:field>
  <dim:field mdschema="dc" element="description">Generated Thumbnail</dim:field>
  <dim:field mdschema="dc" element="format" qualifier="medium">JPEG</dim:field>
  <dim:field mdschema="dc" element="format" qualifier="mimetype">image/jpeg</dim:field>
  <dim:field mdschema="dc" element="format" qualifier="supportlevel">KNOWN</dim:field>
  <dim:field mdschema="dc" element="format" qualifier="internal">false</dim:field>
</dim:dim></xmlData>
   </mdWrap>
  </sourceMD>
 </amdSec>
 <amdSec ID="amd_45">
  <techMD ID="techMD_46">
   <mdWrap MDTYPE="PREMIS">
    <xmlData xmlns:premis="http://www.loc.gov/standards/premis" xsi:schemaLocation="http://www.loc.gov/standards/premis http://www.loc.gov/standards/premis/PREMIS-v1-0.xsd"><premis:premis xmlns:premis="http://www.loc.gov/standards/premis">
  <premis:object>
    <premis:objectIdentifier>
      <premis:objectIdentifierType>URL</premis:objectIdentifierType>
      <premis:objectIdentifierValue>http://drc.libraries.uc.edu:80/bitstream/2374.UC%2F703477/10/b12_f01_p001_a.jpg.jpg</premis:objectIdentifierValue>
    </premis:objectIdentifier>
    <premis:objectCategory>File</premis:objectCategory>
    <premis:objectCharacteristics>
      <premis:fixity>
        <premis:messageDigestAlgorithm>MD5</premis:messageDigestAlgorithm>
        <premis:messageDigest>cc33759c6e468cbdfc57478c72608647</premis:messageDigest>
      </premis:fixity>
      <premis:size>2577</premis:size>
      <premis:format>
        <premis:formatDesignation>
          <premis:formatName>image/jpeg</premis:formatName>
        </premis:formatDesignation>
      </premis:format>
    </premis:objectCharacteristics>
    <premis:originalName>b12_f01_p001_a.jpg.jpg</premis:originalName>
  </premis:object>
</premis:premis></xmlData>
   </mdWrap>
  </techMD>
  <rightsMD ID="rightsMD_51">
   <mdWrap MDTYPE="OTHER" OTHERMDTYPE="METSRIGHTS">
    <xmlData xmlns:rights="http://cosimo.stanford.edu/sdr/metsrights/" xsi:schemaLocation="http://cosimo.stanford.edu/sdr/metsrights/ http://cosimo.stanford.edu/sdr/metsrights.xsd"><rights:RightsDeclarationMD xmlns:rights="http://cosimo.stanford.edu/sdr/metsrights/" RIGHTSCATEGORY="LICENSED">
  <rights:Context CONTEXTCLASS="GENERAL PUBLIC">
    <rights:Permissions DISCOVER="true" DISPLAY="true" MODIFY="false" DELETE="false" />
  </rights:Context>
</rights:RightsDeclarationMD></xmlData>
   </mdWrap>
  </rightsMD>
  <sourceMD ID="sourceMD_52">
   <mdWrap MDTYPE="OTHER" OTHERMDTYPE="AIP-TECHMD">
    <xmlData xmlns:dim="http://www.dspace.org/xmlns/dspace/dim"><dim:dim xmlns:dim="http://www.dspace.org/xmlns/dspace/dim" dspaceType="BITSTREAM">
  <dim:field mdschema="dc" element="title">b12_f01_p001_a.jpg.jpg</dim:field>
  <dim:field mdschema="dc" element="title" qualifier="alternative">Written by FormatFilter org.dspace.app.mediafilter.JPEGFilter on 2013-10-28T14:10:32Z (GMT).</dim:field>
  <dim:field mdschema="dc" element="description">Generated Thumbnail</dim:field>
  <dim:field mdschema="dc" element="format" qualifier="medium">JPEG</dim:field>
  <dim:field mdschema="dc" element="format" qualifier="mimetype">image/jpeg</dim:field>
  <dim:field mdschema="dc" element="format" qualifier="supportlevel">KNOWN</dim:field>
  <dim:field mdschema="dc" element="format" qualifier="internal">false</dim:field>
</dim:dim></xmlData>
   </mdWrap>
  </sourceMD>
 </amdSec>
 <amdSec ID="amd_53">
  <rightsMD ID="rightsMD_59">
   <mdWrap MDTYPE="OTHER" OTHERMDTYPE="METSRIGHTS">
    <xmlData xmlns:rights="http://cosimo.stanford.edu/sdr/metsrights/" xsi:schemaLocation="http://cosimo.stanford.edu/sdr/metsrights/ http://cosimo.stanford.edu/sdr/metsrights.xsd"><rights:RightsDeclarationMD xmlns:rights="http://cosimo.stanford.edu/sdr/metsrights/" RIGHTSCATEGORY="LICENSED">
  <rights:Context CONTEXTCLASS="GENERAL PUBLIC">
    <rights:Permissions DISCOVER="true" DISPLAY="true" MODIFY="false" DELETE="false" />
  </rights:Context>
</rights:RightsDeclarationMD></xmlData>
   </mdWrap>
  </rightsMD>
 </amdSec>
 <amdSec ID="amd_62">
  <techMD ID="techMD_63">
   <mdWrap MDTYPE="PREMIS">
    <xmlData xmlns:premis="http://www.loc.gov/standards/premis" xsi:schemaLocation="http://www.loc.gov/standards/premis http://www.loc.gov/standards/premis/PREMIS-v1-0.xsd"><premis:premis xmlns:premis="http://www.loc.gov/standards/premis">
  <premis:object>
    <premis:objectIdentifier>
      <premis:objectIdentifierType>URL</premis:objectIdentifierType>
      <premis:objectIdentifierValue>http://drc.libraries.uc.edu:80/bitstream/2374.UC%2F703477/1/b12_f01_p001.jp2</premis:objectIdentifierValue>
    </premis:objectIdentifier>
    <premis:objectCategory>File</premis:objectCategory>
    <premis:objectCharacteristics>
      <premis:fixity>
        <premis:messageDigestAlgorithm>MD5</premis:messageDigestAlgorithm>
        <premis:messageDigest>d05063e4c7390dfcc959bb2f28ecb17c</premis:messageDigest>
      </premis:fixity>
      <premis:size>16587384</premis:size>
      <premis:format>
        <premis:formatDesignation>
          <premis:formatName>image/jp2</premis:formatName>
        </premis:formatDesignation>
      </premis:format>
    </premis:objectCharacteristics>
    <premis:originalName>b12_f01_p001.jp2</premis:originalName>
  </premis:object>
</premis:premis></xmlData>
   </mdWrap>
  </techMD>
  <rightsMD ID="rightsMD_68">
   <mdWrap MDTYPE="OTHER" OTHERMDTYPE="METSRIGHTS">
    <xmlData xmlns:rights="http://cosimo.stanford.edu/sdr/metsrights/" xsi:schemaLocation="http://cosimo.stanford.edu/sdr/metsrights/ http://cosimo.stanford.edu/sdr/metsrights.xsd"><rights:RightsDeclarationMD xmlns:rights="http://cosimo.stanford.edu/sdr/metsrights/" RIGHTSCATEGORY="LICENSED">
  <rights:Context CONTEXTCLASS="GENERAL PUBLIC">
    <rights:Permissions DISCOVER="true" DISPLAY="true" MODIFY="false" DELETE="false" />
  </rights:Context>
</rights:RightsDeclarationMD></xmlData>
   </mdWrap>
  </rightsMD>
  <sourceMD ID="sourceMD_69">
   <mdWrap MDTYPE="OTHER" OTHERMDTYPE="AIP-TECHMD">
    <xmlData xmlns:dim="http://www.dspace.org/xmlns/dspace/dim"><dim:dim xmlns:dim="http://www.dspace.org/xmlns/dspace/dim" dspaceType="BITSTREAM">
  <dim:field mdschema="dc" element="title">b12_f01_p001.jp2</dim:field>
  <dim:field mdschema="dc" element="format" qualifier="medium">JPEG2000</dim:field>
  <dim:field mdschema="dc" element="format" qualifier="mimetype">image/jp2</dim:field>
  <dim:field mdschema="dc" element="format" qualifier="supportlevel">KNOWN</dim:field>
  <dim:field mdschema="dc" element="format" qualifier="internal">false</dim:field>
</dim:dim></xmlData>
   </mdWrap>
  </sourceMD>
 </amdSec>
 <amdSec ID="amd_71">
  <techMD ID="techMD_72">
   <mdWrap MDTYPE="PREMIS">
    <xmlData xmlns:premis="http://www.loc.gov/standards/premis" xsi:schemaLocation="http://www.loc.gov/standards/premis http://www.loc.gov/standards/premis/PREMIS-v1-0.xsd"><premis:premis xmlns:premis="http://www.loc.gov/standards/premis">
  <premis:object>
    <premis:objectIdentifier>
      <premis:objectIdentifierType>URL</premis:objectIdentifierType>
      <premis:objectIdentifierValue>http://drc.libraries.uc.edu:80/bitstream/2374.UC%2F703477/2/b12_f01_p001.jpg</premis:objectIdentifierValue>
    </premis:objectIdentifier>
    <premis:objectCategory>File</premis:objectCategory>
    <premis:objectCharacteristics>
      <premis:fixity>
        <premis:messageDigestAlgorithm>MD5</premis:messageDigestAlgorithm>
        <premis:messageDigest>50dcef1a1d1964f2de855b7a6811b058</premis:messageDigest>
      </premis:fixity>
      <premis:size>331445</premis:size>
      <premis:format>
        <premis:formatDesignation>
          <premis:formatName>image/jpeg</premis:formatName>
        </premis:formatDesignation>
      </premis:format>
    </premis:objectCharacteristics>
    <premis:originalName>b12_f01_p001.jpg</premis:originalName>
  </premis:object>
</premis:premis></xmlData>
   </mdWrap>
  </techMD>
  <rightsMD ID="rightsMD_77">
   <mdWrap MDTYPE="OTHER" OTHERMDTYPE="METSRIGHTS">
    <xmlData xmlns:rights="http://cosimo.stanford.edu/sdr/metsrights/" xsi:schemaLocation="http://cosimo.stanford.edu/sdr/metsrights/ http://cosimo.stanford.edu/sdr/metsrights.xsd"><rights:RightsDeclarationMD xmlns:rights="http://cosimo.stanford.edu/sdr/metsrights/" RIGHTSCATEGORY="LICENSED">
  <rights:Context CONTEXTCLASS="GENERAL PUBLIC">
    <rights:Permissions DISCOVER="true" DISPLAY="true" MODIFY="false" DELETE="false" />
  </rights:Context>
</rights:RightsDeclarationMD></xmlData>
   </mdWrap>
  </rightsMD>
  <sourceMD ID="sourceMD_78">
   <mdWrap MDTYPE="OTHER" OTHERMDTYPE="AIP-TECHMD">
    <xmlData xmlns:dim="http://www.dspace.org/xmlns/dspace/dim"><dim:dim xmlns:dim="http://www.dspace.org/xmlns/dspace/dim" dspaceType="BITSTREAM">
  <dim:field mdschema="dc" element="title">b12_f01_p001.jpg</dim:field>
  <dim:field mdschema="dc" element="format" qualifier="medium">JPEG</dim:field>
  <dim:field mdschema="dc" element="format" qualifier="mimetype">image/jpeg</dim:field>
  <dim:field mdschema="dc" element="format" qualifier="supportlevel">KNOWN</dim:field>
  <dim:field mdschema="dc" element="format" qualifier="internal">false</dim:field>
</dim:dim></xmlData>
   </mdWrap>
  </sourceMD>
 </amdSec>
 <amdSec ID="amd_80">
  <techMD ID="techMD_81">
   <mdWrap MDTYPE="PREMIS">
    <xmlData xmlns:premis="http://www.loc.gov/standards/premis" xsi:schemaLocation="http://www.loc.gov/standards/premis http://www.loc.gov/standards/premis/PREMIS-v1-0.xsd"><premis:premis xmlns:premis="http://www.loc.gov/standards/premis">
  <premis:object>
    <premis:objectIdentifier>
      <premis:objectIdentifierType>URL</premis:objectIdentifierType>
      <premis:objectIdentifierValue>http://drc.libraries.uc.edu:80/bitstream/2374.UC%2F703477/3/b12_f01_p001_a.jp2</premis:objectIdentifierValue>
    </premis:objectIdentifier>
    <premis:objectCategory>File</premis:objectCategory>
    <premis:objectCharacteristics>
      <premis:fixity>
        <premis:messageDigestAlgorithm>MD5</premis:messageDigestAlgorithm>
        <premis:messageDigest>ba3eac745d64734660de435c3ca7ca0d</premis:messageDigest>
      </premis:fixity>
      <premis:size>5214590</premis:size>
      <premis:format>
        <premis:formatDesignation>
          <premis:formatName>image/jp2</premis:formatName>
        </premis:formatDesignation>
      </premis:format>
    </premis:objectCharacteristics>
    <premis:originalName>b12_f01_p001_a.jp2</premis:originalName>
  </premis:object>
</premis:premis></xmlData>
   </mdWrap>
  </techMD>
  <rightsMD ID="rightsMD_86">
   <mdWrap MDTYPE="OTHER" OTHERMDTYPE="METSRIGHTS">
    <xmlData xmlns:rights="http://cosimo.stanford.edu/sdr/metsrights/" xsi:schemaLocation="http://cosimo.stanford.edu/sdr/metsrights/ http://cosimo.stanford.edu/sdr/metsrights.xsd"><rights:RightsDeclarationMD xmlns:rights="http://cosimo.stanford.edu/sdr/metsrights/" RIGHTSCATEGORY="LICENSED">
  <rights:Context CONTEXTCLASS="GENERAL PUBLIC">
    <rights:Permissions DISCOVER="true" DISPLAY="true" MODIFY="false" DELETE="false" />
  </rights:Context>
</rights:RightsDeclarationMD></xmlData>
   </mdWrap>
  </rightsMD>
  <sourceMD ID="sourceMD_87">
   <mdWrap MDTYPE="OTHER" OTHERMDTYPE="AIP-TECHMD">
    <xmlData xmlns:dim="http://www.dspace.org/xmlns/dspace/dim"><dim:dim xmlns:dim="http://www.dspace.org/xmlns/dspace/dim" dspaceType="BITSTREAM">
  <dim:field mdschema="dc" element="title">b12_f01_p001_a.jp2</dim:field>
  <dim:field mdschema="dc" element="format" qualifier="medium">JPEG2000</dim:field>
  <dim:field mdschema="dc" element="format" qualifier="mimetype">image/jp2</dim:field>
  <dim:field mdschema="dc" element="format" qualifier="supportlevel">KNOWN</dim:field>
  <dim:field mdschema="dc" element="format" qualifier="internal">false</dim:field>
</dim:dim></xmlData>
   </mdWrap>
  </sourceMD>
 </amdSec>
 <amdSec ID="amd_89">
  <techMD ID="techMD_90">
   <mdWrap MDTYPE="PREMIS">
    <xmlData xmlns:premis="http://www.loc.gov/standards/premis" xsi:schemaLocation="http://www.loc.gov/standards/premis http://www.loc.gov/standards/premis/PREMIS-v1-0.xsd"><premis:premis xmlns:premis="http://www.loc.gov/standards/premis">
  <premis:object>
    <premis:objectIdentifier>
      <premis:objectIdentifierType>URL</premis:objectIdentifierType>
      <premis:objectIdentifierValue>http://drc.libraries.uc.edu:80/bitstream/2374.UC%2F703477/4/b12_f01_p001_a.jpg</premis:objectIdentifierValue>
    </premis:objectIdentifier>
    <premis:objectCategory>File</premis:objectCategory>
    <premis:objectCharacteristics>
      <premis:fixity>
        <premis:messageDigestAlgorithm>MD5</premis:messageDigestAlgorithm>
        <premis:messageDigest>f0dd3e44edf779447bcf76e3c9de8cdb</premis:messageDigest>
      </premis:fixity>
      <premis:size>314696</premis:size>
      <premis:format>
        <premis:formatDesignation>
          <premis:formatName>image/jpeg</premis:formatName>
        </premis:formatDesignation>
      </premis:format>
    </premis:objectCharacteristics>
    <premis:originalName>b12_f01_p001_a.jpg</premis:originalName>
  </premis:object>
</premis:premis></xmlData>
   </mdWrap>
  </techMD>
  <rightsMD ID="rightsMD_95">
   <mdWrap MDTYPE="OTHER" OTHERMDTYPE="METSRIGHTS">
    <xmlData xmlns:rights="http://cosimo.stanford.edu/sdr/metsrights/" xsi:schemaLocation="http://cosimo.stanford.edu/sdr/metsrights/ http://cosimo.stanford.edu/sdr/metsrights.xsd"><rights:RightsDeclarationMD xmlns:rights="http://cosimo.stanford.edu/sdr/metsrights/" RIGHTSCATEGORY="LICENSED">
  <rights:Context CONTEXTCLASS="GENERAL PUBLIC">
    <rights:Permissions DISCOVER="true" DISPLAY="true" MODIFY="false" DELETE="false" />
  </rights:Context>
</rights:RightsDeclarationMD></xmlData>
   </mdWrap>
  </rightsMD>
  <sourceMD ID="sourceMD_96">
   <mdWrap MDTYPE="OTHER" OTHERMDTYPE="AIP-TECHMD">
    <xmlData xmlns:dim="http://www.dspace.org/xmlns/dspace/dim"><dim:dim xmlns:dim="http://www.dspace.org/xmlns/dspace/dim" dspaceType="BITSTREAM">
  <dim:field mdschema="dc" element="title">b12_f01_p001_a.jpg</dim:field>
  <dim:field mdschema="dc" element="format" qualifier="medium">JPEG</dim:field>
  <dim:field mdschema="dc" element="format" qualifier="mimetype">image/jpeg</dim:field>
  <dim:field mdschema="dc" element="format" qualifier="supportlevel">KNOWN</dim:field>
  <dim:field mdschema="dc" element="format" qualifier="internal">false</dim:field>
</dim:dim></xmlData>
   </mdWrap>
  </sourceMD>
 </amdSec>
 <amdSec ID="amd_97">
  <rightsMD ID="rightsMD_103">
   <mdWrap MDTYPE="OTHER" OTHERMDTYPE="METSRIGHTS">
    <xmlData xmlns:rights="http://cosimo.stanford.edu/sdr/metsrights/" xsi:schemaLocation="http://cosimo.stanford.edu/sdr/metsrights/ http://cosimo.stanford.edu/sdr/metsrights.xsd"><rights:RightsDeclarationMD xmlns:rights="http://cosimo.stanford.edu/sdr/metsrights/" RIGHTSCATEGORY="LICENSED">
  <rights:Context CONTEXTCLASS="GENERAL PUBLIC">
    <rights:Permissions DISCOVER="true" DISPLAY="true" MODIFY="false" DELETE="false" />
  </rights:Context>
</rights:RightsDeclarationMD></xmlData>
   </mdWrap>
  </rightsMD>
 </amdSec>
 <amdSec ID="amd_105">
  <techMD ID="techMD_106">
   <mdWrap MDTYPE="PREMIS">
    <xmlData xmlns:premis="http://www.loc.gov/standards/premis" xsi:schemaLocation="http://www.loc.gov/standards/premis http://www.loc.gov/standards/premis/PREMIS-v1-0.xsd"><premis:premis xmlns:premis="http://www.loc.gov/standards/premis">
  <premis:object>
    <premis:objectIdentifier>
      <premis:objectIdentifierType>URL</premis:objectIdentifierType>
      <premis:objectIdentifierValue>http://drc.libraries.uc.edu:80/bitstream/2374.UC%2F703477/5/b12_f01_p001.tif</premis:objectIdentifierValue>
    </premis:objectIdentifier>
    <premis:objectCategory>File</premis:objectCategory>
    <premis:objectCharacteristics>
      <premis:fixity>
        <premis:messageDigestAlgorithm>MD5</premis:messageDigestAlgorithm>
        <premis:messageDigest>282759ea2c4b7d9435ae96446a5b64e4</premis:messageDigest>
      </premis:fixity>
      <premis:size>28836664</premis:size>
      <premis:format>
        <premis:formatDesignation>
          <premis:formatName>image/tiff</premis:formatName>
        </premis:formatDesignation>
      </premis:format>
    </premis:objectCharacteristics>
    <premis:originalName>b12_f01_p001.tif</premis:originalName>
  </premis:object>
</premis:premis></xmlData>
   </mdWrap>
  </techMD>
  <rightsMD ID="rightsMD_111">
   <mdWrap MDTYPE="OTHER" OTHERMDTYPE="METSRIGHTS">
    <xmlData xmlns:rights="http://cosimo.stanford.edu/sdr/metsrights/" xsi:schemaLocation="http://cosimo.stanford.edu/sdr/metsrights/ http://cosimo.stanford.edu/sdr/metsrights.xsd"><rights:RightsDeclarationMD xmlns:rights="http://cosimo.stanford.edu/sdr/metsrights/" RIGHTSCATEGORY="LICENSED">
  <rights:Context CONTEXTCLASS="REPOSITORY MGR">
    <rights:Permissions DISCOVER="true" DISPLAY="true" MODIFY="false" DELETE="false" />
  </rights:Context>
</rights:RightsDeclarationMD></xmlData>
   </mdWrap>
  </rightsMD>
  <sourceMD ID="sourceMD_112">
   <mdWrap MDTYPE="OTHER" OTHERMDTYPE="AIP-TECHMD">
    <xmlData xmlns:dim="http://www.dspace.org/xmlns/dspace/dim"><dim:dim xmlns:dim="http://www.dspace.org/xmlns/dspace/dim" dspaceType="BITSTREAM">
  <dim:field mdschema="dc" element="title">b12_f01_p001.tif</dim:field>
  <dim:field mdschema="dc" element="description">archival master</dim:field>
  <dim:field mdschema="dc" element="format" qualifier="medium">TIFF</dim:field>
  <dim:field mdschema="dc" element="format" qualifier="mimetype">image/tiff</dim:field>
  <dim:field mdschema="dc" element="format" qualifier="supportlevel">KNOWN</dim:field>
  <dim:field mdschema="dc" element="format" qualifier="internal">false</dim:field>
</dim:dim></xmlData>
   </mdWrap>
  </sourceMD>
 </amdSec>
 <amdSec ID="amd_113">
  <techMD ID="techMD_114">
   <mdWrap MDTYPE="PREMIS">
    <xmlData xmlns:premis="http://www.loc.gov/standards/premis" xsi:schemaLocation="http://www.loc.gov/standards/premis http://www.loc.gov/standards/premis/PREMIS-v1-0.xsd"><premis:premis xmlns:premis="http://www.loc.gov/standards/premis">
  <premis:object>
    <premis:objectIdentifier>
      <premis:objectIdentifierType>URL</premis:objectIdentifierType>
      <premis:objectIdentifierValue>http://drc.libraries.uc.edu:80/bitstream/2374.UC%2F703477/6/b12_f01_p001_a.tif</premis:objectIdentifierValue>
    </premis:objectIdentifier>
    <premis:objectCategory>File</premis:objectCategory>
    <premis:objectCharacteristics>
      <premis:fixity>
        <premis:messageDigestAlgorithm>MD5</premis:messageDigestAlgorithm>
        <premis:messageDigest>0614e5a3011f7b6824c0092d2db6d653</premis:messageDigest>
      </premis:fixity>
      <premis:size>7098010</premis:size>
      <premis:format>
        <premis:formatDesignation>
          <premis:formatName>image/tiff</premis:formatName>
        </premis:formatDesignation>
      </premis:format>
    </premis:objectCharacteristics>
    <premis:originalName>b12_f01_p001_a.tif</premis:originalName>
  </premis:object>
</premis:premis></xmlData>
   </mdWrap>
  </techMD>
  <rightsMD ID="rightsMD_119">
   <mdWrap MDTYPE="OTHER" OTHERMDTYPE="METSRIGHTS">
    <xmlData xmlns:rights="http://cosimo.stanford.edu/sdr/metsrights/" xsi:schemaLocation="http://cosimo.stanford.edu/sdr/metsrights/ http://cosimo.stanford.edu/sdr/metsrights.xsd"><rights:RightsDeclarationMD xmlns:rights="http://cosimo.stanford.edu/sdr/metsrights/" RIGHTSCATEGORY="LICENSED">
  <rights:Context CONTEXTCLASS="REPOSITORY MGR">
    <rights:Permissions DISCOVER="true" DISPLAY="true" MODIFY="false" DELETE="false" />
  </rights:Context>
</rights:RightsDeclarationMD></xmlData>
   </mdWrap>
  </rightsMD>
  <sourceMD ID="sourceMD_120">
   <mdWrap MDTYPE="OTHER" OTHERMDTYPE="AIP-TECHMD">
    <xmlData xmlns:dim="http://www.dspace.org/xmlns/dspace/dim"><dim:dim xmlns:dim="http://www.dspace.org/xmlns/dspace/dim" dspaceType="BITSTREAM">
  <dim:field mdschema="dc" element="title">b12_f01_p001_a.tif</dim:field>
  <dim:field mdschema="dc" element="description">archival master</dim:field>
  <dim:field mdschema="dc" element="format" qualifier="medium">TIFF</dim:field>
  <dim:field mdschema="dc" element="format" qualifier="mimetype">image/tiff</dim:field>
  <dim:field mdschema="dc" element="format" qualifier="supportlevel">KNOWN</dim:field>
  <dim:field mdschema="dc" element="format" qualifier="internal">false</dim:field>
</dim:dim></xmlData>
   </mdWrap>
  </sourceMD>
 </amdSec>
 <fileSec>
  <fileGrp ADMID="amd_13" USE="THUMBNAIL">
   <file ID="bitstream_7" MIMETYPE="image/jpeg" SEQ="7" SIZE="3835" CHECKSUM="7094162fbac4e068884a59f18846f5e9" CHECKSUMTYPE="MD5" ADMID="amd_21" GROUPID="GROUP_bitstream_1">
    <FLocat LOCTYPE="URL" xlink:type="simple" xlink:href="bitstream_1452170.jpeg"/>
   </file>
   <file ID="bitstream_8" MIMETYPE="image/jpeg" SEQ="8" SIZE="3720" CHECKSUM="d419259ae23ba0197430a30f6b99b317" CHECKSUMTYPE="MD5" ADMID="amd_29" GROUPID="GROUP_bitstream_2">
    <FLocat LOCTYPE="URL" xlink:type="simple" xlink:href="bitstream_1452171.jpeg"/>
   </file>
   <file ID="bitstream_9" MIMETYPE="image/jpeg" SEQ="9" SIZE="3100" CHECKSUM="cd4e2e12b350dc15f3cc81485ba1c8bc" CHECKSUMTYPE="MD5" ADMID="amd_37" GROUPID="GROUP_bitstream_3">
    <FLocat LOCTYPE="URL" xlink:type="simple" xlink:href="bitstream_1452172.jpeg"/>
   </file>
   <file ID="bitstream_10" MIMETYPE="image/jpeg" SEQ="10" SIZE="2577" CHECKSUM="cc33759c6e468cbdfc57478c72608647" CHECKSUMTYPE="MD5" ADMID="amd_45" GROUPID="GROUP_bitstream_4">
    <FLocat LOCTYPE="URL" xlink:type="simple" xlink:href="bitstream_1452173.jpeg"/>
   </file>
  </fileGrp>
  <fileGrp ADMID="amd_53" USE="ORIGINAL">
   <file ID="bitstream_1" MIMETYPE="image/jp2" SEQ="1" SIZE="16587384" CHECKSUM="d05063e4c7390dfcc959bb2f28ecb17c" CHECKSUMTYPE="MD5" ADMID="amd_62" GROUPID="GROUP_bitstream_1">
    <FLocat LOCTYPE="URL" xlink:type="simple" xlink:href="bitstream_1411356.jp2"/>
   </file>
   <file ID="bitstream_2" MIMETYPE="image/jpeg" SEQ="2" SIZE="331445" CHECKSUM="50dcef1a1d1964f2de855b7a6811b058" CHECKSUMTYPE="MD5" ADMID="amd_71" GROUPID="GROUP_bitstream_2">
    <FLocat LOCTYPE="URL" xlink:type="simple" xlink:href="bitstream_1411357.jpeg"/>
   </file>
   <file ID="bitstream_3" MIMETYPE="image/jp2" SEQ="3" SIZE="5214590" CHECKSUM="ba3eac745d64734660de435c3ca7ca0d" CHECKSUMTYPE="MD5" ADMID="amd_80" GROUPID="GROUP_bitstream_3">
    <FLocat LOCTYPE="URL" xlink:type="simple" xlink:href="bitstream_1411359.jp2"/>
   </file>
   <file ID="bitstream_4" MIMETYPE="image/jpeg" SEQ="4" SIZE="314696" CHECKSUM="f0dd3e44edf779447bcf76e3c9de8cdb" CHECKSUMTYPE="MD5" ADMID="amd_89" GROUPID="GROUP_bitstream_4">
    <FLocat LOCTYPE="URL" xlink:type="simple" xlink:href="bitstream_1411360.jpeg"/>
   </file>
  </fileGrp>
  <fileGrp ADMID="amd_97" USE="RESTRICTED">
   <file ID="bitstream_5" MIMETYPE="image/tiff" SEQ="5" SIZE="28836664" CHECKSUM="282759ea2c4b7d9435ae96446a5b64e4" CHECKSUMTYPE="MD5" ADMID="amd_105" GROUPID="GROUP_bitstream_5">
    <FLocat LOCTYPE="URL" xlink:type="simple" xlink:href="bitstream_1411358.tiff"/>
   </file>
   <file ID="bitstream_6" MIMETYPE="image/tiff" SEQ="6" SIZE="7098010" CHECKSUM="0614e5a3011f7b6824c0092d2db6d653" CHECKSUMTYPE="MD5" ADMID="amd_113" GROUPID="GROUP_bitstream_6">
    <FLocat LOCTYPE="URL" xlink:type="simple" xlink:href="bitstream_1411361.tiff"/>
   </file>
  </fileGrp>
 </fileSec>
 <structMap ID="struct_11" LABEL="DSpace Object" TYPE="LOGICAL">
  <div ID="div_12" DMDID="dmdSec_2 dmdSec_1" ADMID="amd_3" TYPE="DSpace Object Contents">
   <div ID="div_61" TYPE="DSpace BITSTREAM">
    <fptr FILEID="bitstream_1"/>
   </div>
   <div ID="div_70" TYPE="DSpace BITSTREAM">
    <fptr FILEID="bitstream_2"/>
   </div>
   <div ID="div_79" TYPE="DSpace BITSTREAM">
    <fptr FILEID="bitstream_3"/>
   </div>
   <div ID="div_88" TYPE="DSpace BITSTREAM">
    <fptr FILEID="bitstream_4"/>
   </div>
  </div>
 </structMap>
 <structMap ID="struct_121" LABEL="Parent" TYPE="LOGICAL">
  <div ID="div_122" LABEL="Parent of this DSpace Object" TYPE="AIP Parent Link">
   <mptr ID="mptr_123" LOCTYPE="HANDLE" xlink:type="simple" xlink:href="2374.UC/702760"/>
  </div>
 </structMap>
</mets>
